name,province,leading_party,top_share,enp,hung_now,P(hung 2026),XGBoost score,risk band
Laingsburg,Western Cape,AFRICAN NATIONAL CONGRESS,0.2564655172413793,4.776842589523597,1,0.9174627409750469,0.98644185,High
Beaufort West,Western Cape,AFRICAN NATIONAL CONGRESS,0.2815469466409728,4.620226319122649,1,0.8906599605049774,0.90115833,High
Okhahlamba,KwaZulu-Natal,INKATHA FREEDOM PARTY,0.3073570956302218,4.426572069499975,1,0.8575064706328909,0.6606469,High
Oudtshoorn,Western Cape,DEMOCRATIC ALLIANCE,0.3090271691498685,5.086022781135974,1,0.855159157535898,0.7984274,High
Newcastle,KwaZulu-Natal,AFRICAN NATIONAL CONGRESS,0.3176281257737063,4.843257481515022,1,0.8426756217814578,0.93542314,High
City of Johannesburg,Gauteng,AFRICAN NATIONAL CONGRESS,0.3322442634379966,4.542782801933545,1,0.8199404261209627,0.8048854,High
eDumbe,KwaZulu-Natal,NATIONAL FREEDOM PARTY,0.3347402314855104,4.261900419166394,1,0.815866736398834,0.6521043,High
Metsimaholo,Free State,AFRICAN NATIONAL CONGRESS,0.3470610460409132,3.8630891210636977,1,0.7949474736444457,0.38592196,High
City of Tshwane,Gauteng,AFRICAN NATIONAL CONGRESS,0.3483856112542987,4.030555851412336,1,0.7926189530636216,0.82064456,High
Cederberg,Western Cape,AFRICAN NATIONAL CONGRESS,0.3563117304830199,3.967662827457097,1,0.7783672816422322,0.88251513,High
Dannhauser,KwaZulu-Natal,AFRICAN NATIONAL CONGRESS,0.3574850802723375,3.933106110904845,1,0.776211651435051,0.69594014,High
Knysna,Western Cape,DEMOCRATIC ALLIANCE,0.3614938828074694,3.8395999087508055,1,0.7687587657655541,0.730141,High
uMvoti,KwaZulu-Natal,AFRICAN NATIONAL CONGRESS,0.3628919330289193,3.2393864022237766,1,0.7661277997737486,0.74924725,High
eNdumeni,KwaZulu-Natal,AFRICAN NATIONAL CONGRESS,0.3629086962420296,3.452135675191102,1,0.7660961542285177,0.56128246,High
Witzenberg,Western Cape,DEMOCRATIC ALLIANCE,0.3694539249146757,4.127347787393861,1,0.7535624058663181,0.70836335,High
eMadlangeni,KwaZulu-Natal,INKATHA FREEDOM PARTY,0.3705577336537246,4.016334272202752,1,0.7514141193802426,0.9515618,High
Prince Albert,Western Cape,DEMOCRATIC ALLIANCE,0.3723290598290598,4.443764138852976,1,0.7479461290627982,0.9137112,High
Steve Tshwete,Mpumalanga,AFRICAN NATIONAL CONGRESS,0.3728831817985952,3.859233524685511,1,0.7468560709547944,0.9762887,High
Matzikama,Western Cape,DEMOCRATIC ALLIANCE,0.378915480157528,3.9014706286522265,1,0.7348322871507603,0.95359755,High
Ekurhuleni,Gauteng,AFRICAN NATIONAL CONGRESS,0.3833899058019949,3.9582688341553554,1,0.7257315319846719,0.660239,High
uMhlathuze,KwaZulu-Natal,AFRICAN NATIONAL CONGRESS,0.386707092892783,3.39334662672662,1,0.718887165575872,0.90904874,High
Thembelihle,Northern Cape,AFRICAN NATIONAL CONGRESS,0.3962888113172882,3.921315584629937,1,0.6986700120388832,0.95488006,High
Emfuleni,Gauteng,AFRICAN NATIONAL CONGRESS,0.3968551625429052,3.825119760685806,1,0.6974549480338322,0.9412553,High
Maluti a Phofung,Free State,AFRICAN NATIONAL CONGRESS,0.3982094784949602,3.880297630874881,1,0.6945405688328292,0.93689996,High
Mogale City,Gauteng,AFRICAN NATIONAL CONGRESS,0.3994116061803809,3.4349126033611883,1,0.6919433920559982,0.50615704,High
Nelson Mandela Bay,Eastern Cape,DEMOCRATIC ALLIANCE,0.4003894314528526,3.0962808441484686,1,0.6898237540646395,0.7993728,High
Bitou,Western Cape,DEMOCRATIC ALLIANCE,0.4050419308652076,3.7541303792819134,1,0.6796536006668593,0.82526433,High
Karoo Hoogland,Northern Cape,AFRICAN NATIONAL CONGRESS,0.4055330634278002,3.2532049973864967,1,0.6785719866199573,0.77064264,High
Lekwa,Mpumalanga,AFRICAN NATIONAL CONGRESS,0.4158734298257052,4.013186578585856,1,0.6554636169927831,0.79985857,High
Nama Khoi,Northern Cape,AFRICAN NATIONAL CONGRESS,0.416565398145187,3.221032687799639,1,0.6538953692405178,0.32264584,High
Govan Mbeki,Mpumalanga,AFRICAN NATIONAL CONGRESS,0.4182715263409199,3.461979596676837,1,0.650017596347837,0.9764715,High
Theewaterskloof,Western Cape,DEMOCRATIC ALLIANCE,0.42007304942493,3.650612628816542,1,0.6459062344247305,0.74649924,High
eThekwini,KwaZulu-Natal,AFRICAN NATIONAL CONGRESS,0.4250570516924475,3.727548622746333,1,0.6344459009401099,0.9262381,High
Gamagara,Northern Cape,AFRICAN NATIONAL CONGRESS,0.4306049822064057,3.044611799579958,1,0.6215497588107979,0.89721495,High
uMdoni,KwaZulu-Natal,AFRICAN NATIONAL CONGRESS,0.439284455410645,3.8119491634747273,1,0.6011131292953262,0.5085661,High
Mtubatuba,KwaZulu-Natal,INKATHA FREEDOM PARTY,0.4415714890016921,2.933971944873981,1,0.5956809579162643,0.55635685,High
Kareeberg,Northern Cape,AFRICAN NATIONAL CONGRESS,0.442476074119324,3.461534685715933,1,0.5935274599186242,0.101574175,High
Kai !Garib,Northern Cape,AFRICAN NATIONAL CONGRESS,0.4445405873127467,3.5412581274105874,1,0.5886026091780819,0.9187804,High
Siyathemba,Northern Cape,AFRICAN NATIONAL CONGRESS,0.445071937609251,2.6954998252108053,1,0.5873329131041438,0.95881325,High
Hantam,Northern Cape,AFRICAN NATIONAL CONGRESS,0.4452197331374709,3.3710489884589068,1,0.5869795922020667,0.7734958,High
Kgatelopele,Northern Cape,AFRICAN NATIONAL CONGRESS,0.4453818827708703,3.561553233468531,1,0.5865918798798887,0.6991899,High
Breede Valley,Western Cape,DEMOCRATIC ALLIANCE,0.4465522840441654,3.666695865244059,1,0.5837910237463418,0.70196134,High
Langeberg,Western Cape,DEMOCRATIC ALLIANCE,0.4475407414701393,3.5725848996857663,1,0.5814224515275528,0.4260112,High
iNkosi Langalibalele,KwaZulu-Natal,INKATHA FREEDOM PARTY,0.4513152252940847,2.9261955916565854,1,0.5723532548089432,0.68191636,High
Kannaland,Western Cape,INDEPENDENT CIVIC ORGANISATION OF SOUTH AFRICA,0.4523703041144901,3.3383267722877323,1,0.5698116149698084,0.9765286,High
Cape Agulhas,Western Cape,DEMOCRATIC ALLIANCE,0.4544842105263157,3.350114398481508,1,0.5647114364742795,0.78896666,High
Alfred Duma,KwaZulu-Natal,INKATHA FREEDOM PARTY,0.4572971835431939,2.796832457053912,1,0.5579096518755846,0.76124877,High
Rand West City,Gauteng,AFRICAN NATIONAL CONGRESS,0.4622128672096641,3.400072528453884,1,0.5459883184787575,0.7842742,High
uMhlabuyalingana,KwaZulu-Natal,AFRICAN NATIONAL CONGRESS,0.463369187769967,2.7665650989510637,1,0.5431785396337542,0.8907675,High
AbaQulusi,KwaZulu-Natal,INKATHA FREEDOM PARTY,0.4662453760789149,3.061677841502344,1,0.5361821489776919,0.7723947,High
Dr. Beyers Naude,Eastern Cape,AFRICAN NATIONAL CONGRESS,0.4662832962621385,2.632657394854922,1,0.5360898435027504,0.87037444,High
Maphumulo,KwaZulu-Natal,AFRICAN NATIONAL CONGRESS,0.4673842759879806,2.492382959202878,1,0.533409190589073,0.591025,High
George,Western Cape,DEMOCRATIC ALLIANCE,0.4688644688644688,3.608723720909423,1,0.5298034344555983,0.8965692,High
uMuziwabantu,KwaZulu-Natal,AFRICAN NATIONAL CONGRESS,0.4697666638788993,3.386481488916469,1,0.5276047916475948,0.5316768,High
Saldanha Bay,Western Cape,DEMOCRATIC ALLIANCE,0.4704739075507758,3.4001206152248438,1,0.525880828106303,0.81972337,High
Nongoma,KwaZulu-Natal,INKATHA FREEDOM PARTY,0.4711526928151613,2.9443729592332213,1,0.5242259252467428,0.8482439,High
Phokwane,Northern Cape,AFRICAN NATIONAL CONGRESS,0.4729294333185924,3.3378562076050056,1,0.5198929575062675,0.78911304,High
Thabazimbi,Limpopo,AFRICAN NATIONAL CONGRESS,0.4745954083552879,3.553943336452837,1,0.515828904972454,0.85808295,High
JB Marks,North West,AFRICAN NATIONAL CONGRESS,0.4771844755878816,3.1269618684625216,1,0.5095117672010673,0.8113162,High
Rustenburg,North West,AFRICAN NATIONAL CONGRESS,0.4795898341674026,3.4294700764096437,1,0.5036427880956977,0.69405013,High
Richtersveld,Northern Cape,AFRICAN NATIONAL CONGRESS,0.48047229791099,2.930113160480488,1,0.5014898677740379,0.39436656,High
Kou-Kamma,Eastern Cape,AFRICAN NATIONAL CONGRESS,0.4833268330733229,2.972403989876386,1,0.4945277396092521,0.45917413,Medium
uMngeni,KwaZulu-Natal,DEMOCRATIC ALLIANCE,0.4837237602677213,2.425104954565085,1,0.49355997289446885,0.989297,Medium
Lekwa-Teemane,North West,AFRICAN NATIONAL CONGRESS,0.4851737311260687,3.20566827162209,1,0.4900256120899887,0.6956365,Medium
!Kheis,Northern Cape,AFRICAN NATIONAL CONGRESS,0.4858245509870862,3.185718849057628,1,0.4884397175526756,0.78396225,Medium
Nala,Free State,AFRICAN NATIONAL CONGRESS,0.4896559606812207,3.1916095007765337,1,0.47911143835972286,0.9100212,Medium
Moqhaka,Free State,AFRICAN NATIONAL CONGRESS,0.4916611074049366,3.2278846940047607,1,0.47423617087627135,0.61915034,Medium
Mthonjaneni,KwaZulu-Natal,INKATHA FREEDOM PARTY,0.4933945510460432,2.5521915795173133,1,0.4700259677510176,0.9670962,Medium
Msunduzi,KwaZulu-Natal,AFRICAN NATIONAL CONGRESS,0.4948069563223953,3.253421648991794,1,0.46659891848182805,0.91372883,Medium
KwaDukuza,KwaZulu-Natal,AFRICAN NATIONAL CONGRESS,0.4954957452116307,3.43404074875638,1,0.4649288453360471,0.9097565,Medium
Merafong City,Gauteng,AFRICAN NATIONAL CONGRESS,0.4967723683872129,3.269080786264808,1,0.4618356899291471,0.8725037,Medium
Modimolle-Mookgophong,Limpopo,AFRICAN NATIONAL CONGRESS,0.4972249034749035,2.997857609418286,1,0.4607399528727465,0.7640953,Medium
Tsantsabane,Northern Cape,AFRICAN NATIONAL CONGRESS,0.5020742235676645,3.0309424626031896,0,0.4490243972922315,0.9567428,Medium
Lesedi,Gauteng,AFRICAN NATIONAL CONGRESS,0.5046841319847455,3.0954948482812394,0,0.44274132284988316,0.69588685,Medium
Sol Plaatje,Northern Cape,AFRICAN NATIONAL CONGRESS,0.5048421602730554,3.1807888588034,0,0.44236143746608836,0.94458264,Medium
Ndwedwe,KwaZulu-Natal,AFRICAN NATIONAL CONGRESS,0.5055654837886138,2.750076048406908,0,0.4406234710652532,0.8911611,Medium
uMfolozi,KwaZulu-Natal,INKATHA FREEDOM PARTY,0.5057364341085271,2.5078208968899465,0,0.4402129229903667,0.99363023,Medium
KHâI-MA,Northern Cape,AFRICAN NATIONAL CONGRESS,0.5066666666666667,3.119345696531059,0,0.43798029863490184,0.9483236,Medium
Hessequa,Western Cape,DEMOCRATIC ALLIANCE,0.5069849775141135,2.603726552813078,0,0.437216877056432,0.9792325,Medium
Emalahleni,Mpumalanga,AFRICAN NATIONAL CONGRESS,0.5082689881752775,2.9558633309123943,0,0.4341402773222165,0.8921466,Medium
Nqutu,KwaZulu-Natal,INKATHA FREEDOM PARTY,0.5102569537671636,2.518672496691865,0,0.4293864898412401,0.87978256,Medium
Setsoto,Free State,AFRICAN NATIONAL CONGRESS,0.5114371677039113,3.0309503315489854,0,0.4265700001927673,0.5648762,Medium
Dikgatlong,Northern Cape,AFRICAN NATIONAL CONGRESS,0.5135941912061315,3.140629130244201,0,0.4214340338549821,0.63799644,Medium
Mangaung,Free State,AFRICAN NATIONAL CONGRESS,0.5151057230181905,2.8916101244808465,0,0.4178443409100365,0.7968268,Medium
Ray Nkonyeni,KwaZulu-Natal,AFRICAN NATIONAL CONGRESS,0.5162714492971134,3.037091646772354,0,0.4150813599766284,0.8871098,Medium
uPhongolo,KwaZulu-Natal,INKATHA FREEDOM PARTY,0.5165237971541548,2.568865914905324,0,0.41448389218999043,0.9918914,Medium
Magareng,Northern Cape,AFRICAN NATIONAL CONGRESS,0.5167542706964521,2.884238845636593,0,0.4139384170675696,0.9272836,Medium
Makana,Eastern Cape,AFRICAN NATIONAL CONGRESS,0.5181833324079729,2.9457741869091563,0,0.41056054849813606,0.24760635,Medium
Umsobomvu,Northern Cape,AFRICAN NATIONAL CONGRESS,0.5187359880431301,2.6865248200457392,0,0.40925629266596325,0.653874,Medium
Swellendam,Western Cape,DEMOCRATIC ALLIANCE,0.5230445752733389,2.3176476748504524,0,0.39912924790149906,0.80129266,Medium
Ndlambe,Eastern Cape,AFRICAN NATIONAL CONGRESS,0.5255189120739966,2.5625097333668228,0,0.39334813875892516,0.52170193,Medium
Kamiesberg,Northern Cape,AFRICAN NATIONAL CONGRESS,0.5257851880573866,2.857043262813327,0,0.39272758079478526,0.2916177,Medium
Matlosana,North West,AFRICAN NATIONAL CONGRESS,0.5259541177714346,2.9337744937902035,0,0.39233405066706006,0.954066,Medium
Renosterberg,Northern Cape,AFRICAN NATIONAL CONGRESS,0.5271786022433133,2.6084392446235256,0,0.3894853439172007,0.3875301,Medium
Mandeni,KwaZulu-Natal,AFRICAN NATIONAL CONGRESS,0.5282073943143321,2.724296297277393,0,0.38709713065496276,0.35236517,Medium
Ditsobotla,North West,AFRICAN NATIONAL CONGRESS,0.5319330019745353,2.9768205260545835,0,0.3784898954970501,0.2213481,Medium
Victor Khanye,Mpumalanga,AFRICAN NATIONAL CONGRESS,0.5331939657607775,2.8602103650401136,0,0.3755918513059946,0.3735238,Medium
Madibeng,North West,AFRICAN NATIONAL CONGRESS,0.5341710733730589,2.933667507558022,0,0.3733516209411344,0.29944178,Medium
uMzumbe,KwaZulu-Natal,AFRICAN NATIONAL CONGRESS,0.534777176176593,2.4577324931092224,0,0.37196441769556443,0.7735052,Medium
Inxuba Yethemba,Eastern Cape,AFRICAN NATIONAL CONGRESS,0.5363515499265272,2.245490751922113,0,0.3683698934414911,0.18457109,Medium
Jozini,KwaZulu-Natal,INKATHA FREEDOM PARTY,0.5364045277050071,2.353845249612334,0,0.3682491604810301,0.42101204,Medium
Matjhabeng,Free State,AFRICAN NATIONAL CONGRESS,0.5388359617074412,2.8265570829039874,0,0.3627240018045948,0.7516188,Medium
Kouga,Eastern Cape,DEMOCRATIC ALLIANCE,0.538857210040562,2.308164889993804,0,0.36267585632058325,0.78140694,Medium
Naledi,North West,AFRICAN NATIONAL CONGRESS,0.5407347657109335,2.851593515855192,0,0.3584312902251933,0.109932296,Medium
uMlalazi,KwaZulu-Natal,INKATHA FREEDOM PARTY,0.5417201294597545,2.4592566949228853,0,0.3562114531423863,0.9850932,Medium
Nketoana,Free State,AFRICAN NATIONAL CONGRESS,0.5472362578471903,2.9154768291183766,0,0.3438867941569666,0.1926283,Medium
Dawid Kruiper,Northern Cape,AFRICAN NATIONAL CONGRESS,0.54753068798173,2.339573902934231,0,0.3432339526522925,0.40436316,Medium
Siyancuma,Northern Cape,AFRICAN NATIONAL CONGRESS,0.5493262010081268,2.469196488121391,0,0.33926403668860955,0.86956304,Medium
Dr. Nkosazana Dlamini Zuma,KwaZulu-Natal,AFRICAN NATIONAL CONGRESS,0.55245275692467,2.702076356487959,0,0.33239828738355875,0.12086967,Medium
Walter Sisulu,Eastern Cape,AFRICAN NATIONAL CONGRESS,0.5571284125379171,2.6050029014466274,0,0.3222461214161817,0.16673185,Medium
Ngwathe,Free State,AFRICAN NATIONAL CONGRESS,0.5579742955661593,2.6890565124088983,0,0.32042463735495974,0.61554086,Medium
Drakenstein,Western Cape,DEMOCRATIC ALLIANCE,0.5589720468890893,2.7775029176482726,0,0.3182822159880495,0.30942973,Medium
Dihlabeng,Free State,AFRICAN NATIONAL CONGRESS,0.561059413027917,2.739965504695354,0,0.3138216710313388,0.114858165,Medium
Mafikeng,North West,AFRICAN NATIONAL CONGRESS,0.5642624840475896,2.5906355660710454,0,0.30703462866127557,0.92175233,Medium
Blue Crane Route,Eastern Cape,AFRICAN NATIONAL CONGRESS,0.564983888292159,2.172259835820092,0,0.3055158202673833,0.3507118,Medium
Mamusa,North West,AFRICAN NATIONAL CONGRESS,0.565064735571648,2.5389593901647376,0,0.305345834925012,0.7727598,Medium
Masilonyana,Free State,AFRICAN NATIONAL CONGRESS,0.5666511121480791,2.5901293559400203,0,0.30201968948000757,0.54055965,Medium
Ga-Segonyana,Northern Cape,AFRICAN NATIONAL CONGRESS,0.5676039346696362,2.587980200539523,0,0.30003046243685405,0.45092198,Medium
Bela-Bela,Limpopo,AFRICAN NATIONAL CONGRESS,0.5684333897642923,2.6677202209609305,0,0.2983040571741527,0.37035725,Medium
Big Five Hlabisa,KwaZulu-Natal,INKATHA FREEDOM PARTY,0.5725392728547303,2.25290383308756,0,0.2898313055739988,0.25092405,Medium
Mkhondo,Mpumalanga,AFRICAN NATIONAL CONGRESS,0.5752463220407612,2.601441770859402,0,0.28431276958483725,0.09098419,Medium
Greater Taung,North West,AFRICAN NATIONAL CONGRESS,0.5802648777961378,2.5220622899429994,0,0.27422754327959126,0.63751507,Medium
Mafube,Free State,AFRICAN NATIONAL CONGRESS,0.5828150195807418,2.605511879140194,0,0.26917658138096656,0.08895702,Medium
Nkandla,KwaZulu-Natal,INKATHA FREEDOM PARTY,0.5837386018237082,2.1585535377613816,0,0.2673597151561035,0.31480122,Medium
Kgetlengrivier,North West,AFRICAN NATIONAL CONGRESS,0.5841360330253588,2.5996190918972824,0,0.2665799378316744,0.4698561,Medium
uMshwathi,KwaZulu-Natal,AFRICAN NATIONAL CONGRESS,0.5853683562487174,2.57049408896858,0,0.26416992784757154,0.20717736,Medium
Maquassi Hills,North West,AFRICAN NATIONAL CONGRESS,0.5859286943109687,2.599386901395073,0,0.26307803976352495,0.7456965,Medium
Thaba Chweu,Mpumalanga,AFRICAN NATIONAL CONGRESS,0.5860716263614547,2.4575190608881665,0,0.2627999148323944,0.89188594,Medium
Elias Motsoaledi,Limpopo,AFRICAN NATIONAL CONGRESS,0.5865840243696057,2.504266018709665,0,0.26180418770162917,0.6603311,Medium
City of Cape Town,Western Cape,DEMOCRATIC ALLIANCE,0.5874153204794164,2.595862859095289,0,0.2601931715767521,0.48897702,Medium
iMpendle,KwaZulu-Natal,AFRICAN NATIONAL CONGRESS,0.5885284139100933,2.446711717544265,0,0.2580446292478934,0.6028317,Medium
Maruleng,Limpopo,AFRICAN NATIONAL CONGRESS,0.5917781079742447,2.5327773209968205,0,0.2518285502466427,0.45391145,Medium
Greater Kokstad,KwaZulu-Natal,AFRICAN NATIONAL CONGRESS,0.5920613576373326,2.437882802551668,0,0.2512907650106914,0.86889,Medium
Dipaleseng,Mpumalanga,AFRICAN NATIONAL CONGRESS,0.5939978563772776,2.505121534607633,0,0.24763146107637865,0.40034553,Low
Tokologo,Free State,AFRICAN NATIONAL CONGRESS,0.5976594027441485,2.386344964703791,0,0.240795861703875,0.59624,Low
Emthanjeni,Northern Cape,AFRICAN NATIONAL CONGRESS,0.6018207530493195,2.2675334811523644,0,0.23316105400624232,0.051909287,Low
Mantsopa,Free State,AFRICAN NATIONAL CONGRESS,0.6022541653054557,2.3199120957399533,0,0.23237412699156193,0.60138035,Low
Buffalo City,Eastern Cape,AFRICAN NATIONAL CONGRESS,0.6051091448700524,2.381045382633146,0,0.22722961951267667,0.28491765,Low
Dr Pixley Ka Isaka Seme,Mpumalanga,AFRICAN NATIONAL CONGRESS,0.6088915590267348,2.465808444554777,0,0.22051917980116845,0.64550376,Low
Dr JS Moroka,Mpumalanga,AFRICAN NATIONAL CONGRESS,0.611090708777084,2.442850515773408,0,0.21667311489731883,0.8905378,Low
Swartland,Western Cape,DEMOCRATIC ALLIANCE,0.612569268439366,2.375422376178334,0,0.21411031842634912,0.6028763,Low
Ramotshere Moiloa,North West,AFRICAN NATIONAL CONGRESS,0.6129878239150797,2.402863330302415,0,0.21338820524407287,0.7742016,Low
Joe Morolong,Northern Cape,AFRICAN NATIONAL CONGRESS,0.6162030456852792,2.1786446495987706,0,0.2078908736755343,0.22183263,Low
Tswelopele,Free State,AFRICAN NATIONAL CONGRESS,0.6179688172969248,2.3569727578942152,0,0.20490931494893255,0.8865798,Low
Polokwane,Limpopo,AFRICAN NATIONAL CONGRESS,0.6185685065683337,2.2472375696332967,0,0.20390278749317775,0.042079106,Low
Bergrivier,Western Cape,DEMOCRATIC ALLIANCE,0.6210385259631491,2.308770268690231,0,0.19978954669496546,0.701521,Low
Ubuntu,Northern Cape,AFRICAN NATIONAL CONGRESS,0.6212758499824745,2.0694020272215714,0,0.19939709378850562,0.21555674,Low
Stellenbosch,Western Cape,DEMOCRATIC ALLIANCE,0.6212762002137845,2.3774329982329334,0,0.19939651498266395,0.8500862,Low
Msukaligwa,Mpumalanga,AFRICAN NATIONAL CONGRESS,0.6254877420304793,2.299335149292991,0,0.19251255210931034,0.6163893,Low
Thembisile Hani,Mpumalanga,AFRICAN NATIONAL CONGRESS,0.6268025025929271,2.289457468748776,0,0.1903947580542005,0.24966057,Low
Ba-Phalaborwa,Limpopo,AFRICAN NATIONAL CONGRESS,0.6286195607259782,2.3360118145548943,0,0.187492369661808,0.3638785,Low
Midvaal,Gauteng,DEMOCRATIC ALLIANCE,0.6294572139785989,2.235715619258832,0,0.1861639622550206,0.014088204,Low
Mkhambathini,KwaZulu-Natal,AFRICAN NATIONAL CONGRESS,0.6361410381978453,2.253891425953193,0,0.17578087307483212,0.79376966,Low
King Sabata Dalindyebo,Eastern Cape,AFRICAN NATIONAL CONGRESS,0.6362888424783242,2.272612670106043,0,0.17555561345295548,0.077124536,Low
Overstrand,Western Cape,DEMOCRATIC ALLIANCE,0.6366386456848657,2.2690590610748647,0,0.1750232487617985,0.24943154,Low
Enoch Mgijima,Eastern Cape,AFRICAN NATIONAL CONGRESS,0.6381185476895899,2.306658997197144,0,0.17278264363957643,0.25301096,Low
Sundays River Valley,Eastern Cape,AFRICAN NATIONAL CONGRESS,0.638290387828687,2.1686290913594988,0,0.172523695083269,0.07648403,Low
Emakhazeni,Mpumalanga,AFRICAN NATIONAL CONGRESS,0.6392837067373324,2.152863545379448,0,0.17103182552242394,0.15706441,Low
Ephraim Mogale,Limpopo,AFRICAN NATIONAL CONGRESS,0.64294918257228,2.155491487314453,0,0.1656000161240224,0.28939766,Low
uBuhlebezwe,KwaZulu-Natal,AFRICAN NATIONAL CONGRESS,0.6441986284847858,2.250130408198725,0,0.16377483732788034,0.29811504,Low
Letsemeng,Free State,AFRICAN NATIONAL CONGRESS,0.6504235072675939,2.149913135731335,0,0.15488063620314058,0.27765417,Low
Phumelela,Free State,AFRICAN NATIONAL CONGRESS,0.6509811215474751,2.1872989008685315,0,0.15410004288395696,0.2708317,Low
Mogalakwena,Limpopo,AFRICAN NATIONAL CONGRESS,0.6512598411390297,2.134022899657351,0,0.15371086047294896,0.333659,Low
Mohokare,Free State,AFRICAN NATIONAL CONGRESS,0.6519732287099007,2.106723365445112,0,0.15271775043064922,0.5568658,Low
Makhuduthamaga,Limpopo,AFRICAN NATIONAL CONGRESS,0.6534156624258478,2.048918989533501,0,0.15072293812360082,0.026186315,Low
Tswaing,North West,AFRICAN NATIONAL CONGRESS,0.6550675507253602,2.143635066538073,0,0.14846012997763433,0.13673413,Low
City of Mbombela,Mpumalanga,AFRICAN NATIONAL CONGRESS,0.6592429351254118,2.101108163686029,0,0.14284332698736052,0.53876644,Low
Lepele-Nkumpi,Limpopo,AFRICAN NATIONAL CONGRESS,0.6594622041681385,2.0926176153174163,0,0.14255241903033414,0.34153652,Low
Mossel Bay,Western Cape,DEMOCRATIC ALLIANCE,0.6615271243126807,2.135489605567876,0,0.13983263694479428,0.077132836,Low
Moses Kotane,North West,AFRICAN NATIONAL CONGRESS,0.6618426890330213,2.0977274619752597,0,0.13942014070162143,0.3664901,Low
Kopanong,Free State,AFRICAN NATIONAL CONGRESS,0.669297881179892,2.0446498252696057,0,0.1299159742358316,0.054959998,Low
Moretele,North West,AFRICAN NATIONAL CONGRESS,0.6714887885665827,2.0622386429130497,0,0.12721022447938515,0.07111431,Low
Great Kei,Eastern Cape,AFRICAN NATIONAL CONGRESS,0.6735558540870105,1.9986702968615988,0,0.12469345209010488,0.023175305,Low
Mpofana,KwaZulu-Natal,AFRICAN NATIONAL CONGRESS,0.6738544474393531,2.0613988770247547,0,0.1243327784807795,0.5011771,Low
Ratlou,North West,AFRICAN NATIONAL CONGRESS,0.6765063907486305,2.058877177823553,0,0.12116125184875885,0.0076725665,Low
Ulundi,KwaZulu-Natal,INKATHA FREEDOM PARTY,0.677579174407927,2.014619681717757,0,0.11989445450211732,0.8045098,Low
Ganyesa/Pomfret,North West,AFRICAN NATIONAL CONGRESS,0.6803864115007783,2.0405420818395705,0,0.11662335044450807,0.009872041,Low
uMsinga,KwaZulu-Natal,INKATHA FREEDOM PARTY,0.6814061093314909,1.8729954761909384,0,0.11545078720019987,0.1537501,Low
Bushbuckridge,Mpumalanga,AFRICAN NATIONAL CONGRESS,0.68331744893247,2.058354448646601,0,0.11327522800751276,0.011353324,Low
Lephalale,Limpopo,AFRICAN NATIONAL CONGRESS,0.6876904326630103,2.0141820721895574,0,0.10840639622999058,0.004426371,Low
Fetakgomo Tubatse,Limpopo,AFRICAN NATIONAL CONGRESS,0.6975441619991383,1.928431622019215,0,0.09798024731784866,0.034892038,Low
Molemole,Limpopo,AFRICAN NATIONAL CONGRESS,0.7016105091286923,1.910949483568846,0,0.09389314987229438,0.12338482,Low
Mnquma,Eastern Cape,AFRICAN NATIONAL CONGRESS,0.7057863412886403,1.950993888844556,0,0.08982415908086988,0.024309376,Low
Richmond,KwaZulu-Natal,AFRICAN NATIONAL CONGRESS,0.7085512634696578,1.902978951913844,0,0.08720042316124997,0.39443684,Low
Mbhashe,Eastern Cape,AFRICAN NATIONAL CONGRESS,0.7158867876075352,1.866689340291959,0,0.0805062506103441,0.061117582,Low
Matatiele,Eastern Cape,AFRICAN NATIONAL CONGRESS,0.7303932218118618,1.811859811899008,0,0.06836931045671923,0.011653242,Low
Sakhisizwe,Eastern Cape,AFRICAN NATIONAL CONGRESS,0.7306846399432423,1.8178892194083367,0,0.06813998297419775,0.011006899,Low
Greater Tzaneen,Limpopo,AFRICAN NATIONAL CONGRESS,0.7403434030467339,1.7521436839519091,0,0.06084956788263008,0.011726029,Low
Senqu,Eastern Cape,AFRICAN NATIONAL CONGRESS,0.7422378441710603,1.7605093695769063,0,0.05948894228228835,0.0022025837,Low
Blouberg,Limpopo,AFRICAN NATIONAL CONGRESS,0.7441532202263984,1.718028284742528,0,0.058135851898857706,0.007402033,Low
Winnie Madikizela-Mandela,Eastern Cape,AFRICAN NATIONAL CONGRESS,0.7442173741621764,1.768002951571213,0,0.05809092139110336,0.012017781,Low
Raymond Mhlaba,Eastern Cape,AFRICAN NATIONAL CONGRESS,0.7544105292635116,1.717201806138219,0,0.0512663682999141,0.0044122934,Low
uMzimkhulu,KwaZulu-Natal,AFRICAN NATIONAL CONGRESS,0.7545914477787788,1.6908843034018384,0,0.05115077397244441,0.041227974,Low
Musina,Limpopo,AFRICAN NATIONAL CONGRESS,0.7571594877764842,1.6868336730265063,0,0.0495302958967685,0.002059751,Low
Ngquza Hill,Eastern Cape,AFRICAN NATIONAL CONGRESS,0.7583534861541605,1.702855555459224,0,0.04878969557962368,0.036117442,Low
Nkomazi,Mpumalanga,AFRICAN NATIONAL CONGRESS,0.7589183119189387,1.6658762302413486,0,0.04844216651775416,0.0300187,Low
Amahlathi,Eastern Cape,AFRICAN NATIONAL CONGRESS,0.7599647266313933,1.6845841839262603,0,0.04780307451871389,0.010586529,Low
Umzimvubu,Eastern Cape,AFRICAN NATIONAL CONGRESS,0.7608881645956407,1.6856392886210616,0,0.04724419145385903,0.0019493715,Low
Greater Giyani,Limpopo,AFRICAN NATIONAL CONGRESS,0.7672023073753605,1.6745252951829892,0,0.0435488608663659,0.004193842,Low
Chief Albert Luthuli,Mpumalanga,AFRICAN NATIONAL CONGRESS,0.7704093241979116,1.6061040974932452,0,0.04175450815102553,0.012996259,Low
Mhlontlo,Eastern Cape,AFRICAN NATIONAL CONGRESS,0.77740258478282,1.6244978853824472,0,0.038028228158738894,0.002667727,Low
Collins Chabane,Limpopo,AFRICAN NATIONAL CONGRESS,0.7778826344121752,1.6240310548628465,0,0.03778161480271283,0.0052590757,Low
Greater Letaba,Limpopo,AFRICAN NATIONAL CONGRESS,0.7848755711711056,1.5785111077189151,0,0.034318828822869206,0.0017951577,Low
Port St Johns,Eastern Cape,AFRICAN NATIONAL CONGRESS,0.7849817532830772,1.597415208512413,0,0.03426808947864209,0.0023612978,Low
Nyandeni,Eastern Cape,AFRICAN NATIONAL CONGRESS,0.7963909666541104,1.5523064768752814,0,0.02912429656109068,0.002076212,Low
Elundini,Eastern Cape,AFRICAN NATIONAL CONGRESS,0.8005528386136509,1.5387616243672262,0,0.02739472336705068,0.009848675,Low
Ntabankulu,Eastern Cape,AFRICAN NATIONAL CONGRESS,0.8093291504262129,1.4931435885352249,0,0.02399081134824802,0.003918648,Low
Intsika Yethu,Eastern Cape,AFRICAN NATIONAL CONGRESS,0.8116174951211113,1.4932619455080418,0,0.02315563005501124,0.0019296583,Low
Ngqushwa,Eastern Cape,AFRICAN NATIONAL CONGRESS,0.8128733322168258,1.4752134308801492,0,0.022706222963956992,0.004483402,Low
Emalahleni,Eastern Cape,AFRICAN NATIONAL CONGRESS,0.8151878863197829,1.4862817593090756,0,0.02189431233032662,0.00423594,Low
Makhado,Limpopo,AFRICAN NATIONAL CONGRESS,0.8155407816651026,1.4839729769362804,0,0.0217723683168044,0.0009800638,Low
Engcobo,Eastern Cape,AFRICAN NATIONAL CONGRESS,0.8207380279941653,1.4692860343338567,0,0.020031952352246737,0.009272976,Low
Thulamela,Limpopo,AFRICAN NATIONAL CONGRESS,0.8731156187933449,1.3054045451999248,0,0.00751998550369674,0.0021169712,Low
